{
    "name": "root",
    "metadata": {
        "timer_format_version": "0.1.0",
        "start_time_seconds": "1621873677",
        "python_version": "3.9.5 (tags/v3.9.5:0a7dcbd, May  3 2021, 17:27:52) [MSC v.1928 64 bit (AMD64)]",
        "command_line_arguments": "C:\\Unity Projects\\AASMA\\venv\\Scripts\\mlagents-learn config/trainer_config.yaml --run-id=FishTrain --resume",
        "mlagents_version": "0.16.1",
        "mlagents_envs_version": "0.16.1",
        "communication_protocol_version": "1.0.0",
        "tensorflow_version": "2.5.0",
        "end_time_seconds": "1621873693"
    },
    "total": 16.4632872,
    "count": 1,
    "self": 0.26822019999999824,
    "children": {
        "run_training.setup": {
            "total": 0.019045699999999943,
            "count": 1,
            "self": 0.019045699999999943
        },
        "TrainerController.start_learning": {
            "total": 16.176021300000002,
            "count": 1,
            "self": 4.215165500000003,
            "children": {
                "TrainerController._reset_env": {
                    "total": 9.0098457,
                    "count": 1,
                    "self": 9.0098457
                },
                "TrainerController.advance": {
                    "total": 0.1018650000000001,
                    "count": 1,
                    "self": 1.6200000001020953e-05,
                    "children": {
                        "env_step": {
                            "total": 0.10184879999999907,
                            "count": 1,
                            "self": 0.02230339999999842,
                            "children": {
                                "SubprocessEnvManager._take_step": {
                                    "total": 0.07950809999999997,
                                    "count": 1,
                                    "self": 4.580000000053985e-05,
                                    "children": {
                                        "NNPolicy.evaluate": {
                                            "total": 0.07946229999999943,
                                            "count": 1,
                                            "self": 0.07946229999999943
                                        }
                                    }
                                },
                                "workers": {
                                    "total": 3.730000000068401e-05,
                                    "count": 1,
                                    "self": 0.0,
                                    "children": {
                                        "worker_root": {
                                            "total": 3.2704478000000012,
                                            "count": 1,
                                            "is_parallel": true,
                                            "self": 3.2505357000000004,
                                            "children": {
                                                "steps_from_proto": {
                                                    "total": 0.0001888000000001,
                                                    "count": 1,
                                                    "is_parallel": true,
                                                    "self": 6.559999999922184e-05,
                                                    "children": {
                                                        "_process_vector_observation": {
                                                            "total": 0.00012320000000087816,
                                                            "count": 2,
                                                            "is_parallel": true,
                                                            "self": 0.00012320000000087816
                                                        }
                                                    }
                                                },
                                                "UnityEnvironment.step": {
                                                    "total": 0.019723300000000776,
                                                    "count": 1,
                                                    "is_parallel": true,
                                                    "self": 0.00012070000000008463,
                                                    "children": {
                                                        "UnityEnvironment._generate_step_input": {
                                                            "total": 0.0003884000000002885,
                                                            "count": 1,
                                                            "is_parallel": true,
                                                            "self": 0.0003884000000002885
                                                        },
                                                        "communicator.exchange": {
                                                            "total": 0.01904099999999964,
                                                            "count": 1,
                                                            "is_parallel": true,
                                                            "self": 0.01904099999999964
                                                        },
                                                        "steps_from_proto": {
                                                            "total": 0.00017320000000076163,
                                                            "count": 1,
                                                            "is_parallel": true,
                                                            "self": 6.0200000000065756e-05,
                                                            "children": {
                                                                "_process_vector_observation": {
                                                                    "total": 0.00011300000000069588,
                                                                    "count": 2,
                                                                    "is_parallel": true,
                                                                    "self": 0.00011300000000069588
                                                                }
                                                            }
                                                        }
                                                    }
                                                }
                                            }
                                        }
                                    }
                                }
                            }
                        }
                    }
                },
                "trainer_threads": {
                    "total": 2.8299999998537828e-05,
                    "count": 1,
                    "self": 2.8299999998537828e-05,
                    "children": {
                        "thread_root": {
                            "total": 0.0,
                            "count": 0,
                            "is_parallel": true,
                            "self": 0.0,
                            "children": {
                                "trainer_advance": {
                                    "total": 0.11023999999999923,
                                    "count": 7,
                                    "is_parallel": true,
                                    "self": 0.0005714999999977266,
                                    "children": {
                                        "process_trajectory": {
                                            "total": 0.1096685000000015,