{
    "name": "root",
    "gauges": {
        "FishTrain2_Survive.Policy.Entropy.mean": {
            "value": 1.417871356010437,
            "min": 1.4130536317825317,
            "max": 1.417871356010437,
            "count": 27
        },
        "FishTrain2_Survive.Policy.ExtrinsicValueEstimate.mean": {
            "value": 25.50733184814453,
            "min": 21.305686950683594,
            "max": 25.57234764099121,
            "count": 27
        },
        "FishTrain2_Survive.Policy.CuriosityValueEstimate.mean": {
            "value": -0.12263093143701553,
            "min": -0.20676560699939728,
            "max": 0.11413443088531494,
            "count": 27
        },
        "FishTrain2_Survive.Environment.EpisodeLength.mean": {
            "value": 158.23333333333332,
            "min": 158.23333333333332,
            "max": 316.25,
            "count": 27
        },
        "FishTrain2_Survive.Environment.CumulativeReward.mean": {
            "value": -141.76666666666668,
            "min": -141.76666666666668,
            "max": 53.375,
            "count": 27
        },
        "FishTrain2_Survive.Policy.ExtrinsicReward.mean": {
            "value": -141.76666666666668,
            "min": -141.76666666666668,
            "max": 53.375,
            "count": 27
        },
        "FishTrain2_Survive.Policy.CuriosityReward.mean": {
            "value": 0.00495619603589148,
            "min": 0.0,
            "max": 0.029825821478100676,
            "count": 27
        },
        "FishTrain2_Survive.IsTraining.mean": {
            "value": 1.0,
            "min": 1.0,
            "max": 1.0,
            "count": 27
        },
        "FishTrain2_Survive.Losses.ValueLoss.mean": {
            "value": 1761.4185791015625,
            "min": 923.1822509765625,
            "max": 1761.4185791015625,
            "count": 14
        },
        "FishTrain2_Survive.Losses.PolicyLoss.mean": {
            "value": 0.0801614299416542,
            "min": 0.0801614299416542,
            "max": 0.14804331958293915,
            "count": 14
        },
        "FishTrain2_Survive.Policy.LearningRate.mean": {
            "value": 0.000254844460869208,
            "min": 0.000254844460869208,
            "max": 0.00026192801306024194,
            "count": 14
        },
        "FishTrain2_Survive.Losses.CuriosityForwardLoss.mean": {
            "value": 0.0035422625951468945,
            "min": 0.0018443793524056673,
            "max": 0.0069090197794139385,
            "count": 14
        },
        "FishTrain2_Survive.Losses.CuriosityInverseLoss.mean": {
            "value": 0.21881619095802307,
            "min": 0.21450909972190857,
            "max": 0.2218971997499466,
            "count": 14
        }
    },
    "metadata": {
        "timer_format_version": "0.1.0",
        "start_time_seconds": "1622023042",
        "python_version": "3.9.5 (tags/v3.9.5:0a7dcbd, May  3 2021, 17:27:52) [MSC v.1928 64 bit (AMD64)]",
        "command_line_arguments": "C:\\Unity Projects\\AASMA\\venv\\Scripts\\mlagents-learn config/trainer_config.yaml --run-id=FishTrain2 --resume --time-scale=15",
        "mlagents_version": "0.16.1",
        "mlagents_envs_version": "0.16.1",
        "communication_protocol_version": "1.0.0",
        "tensorflow_version": "2.5.0",
        "end_time_seconds": "1622024184"
    },
    "total": 1142.2031451999999,
    "count": 1,
    "self": 0.000689299999976356,
    "children": {
        "run_training.setup": {
            "total": 0.019487400000000044,
            "count": 1,
            "self": 0.019487400000000044
        },
        "TrainerController.start_learning": {
            "total": 1142.1829685,
            "count": 1,
            "self": 44.65086140000699,
            "children": {
                "TrainerController._reset_env": {
                    "total": 8.2533775,
                    "count": 1,
                    "self": 8.2533775
                },
                "TrainerController.advance": {
                    "total": 1080.038446399993,
                    "count": 136856,
                    "self": 1.6280571999861877,
                    "children": {
                        "env_step": {
                            "total": 1078.4103892000069,
                            "count": 136856,
                            "self": 946.5689053000341,
                            "children": {
                                "SubprocessEnvManager._take_step": {
                                    "total": 130.08098859998734,
                                    "count": 136856,
                                    "self": 4.4711417999956495,
                                    "children": {
                                        "NNPolicy.evaluate": {
                                            "total": 125.60984679999169,
                                            "count": 136376,
                                            "self": 125.60984679999169
                                        }
                                    }
                                },
                                "workers": {
                                    "total": 1.7604952999854362,
                                    "count": 136855,
                                    "self": 0.0,
                                    "children": {
                                        "worker_root": {
                                            "total": 1125.6699800000201,
                                            "count": 136855,
                                            "is_parallel": true,
                                            "self": 327.2607497000448,
                                            "children": {
                                                "steps_from_proto": {
                                                    "total": 0.00021650000000050795,
                                                    "count": 1,
                                                    "is_parallel": true,
                                                    "self": 7.82000000008054e-05,
                                                    "children": {
                                                        "_process_vector_observation": {
                                                            "total": 0.00013829999999970255,
                                                            "count": 2,
                                                            "is_parallel": true,
                                                            "self": 0.00013829999999970255
                                                        }
                                                    }
                                                },
                                                "UnityEnvironment.step": {
                                                    "total": 798.4090137999754,
                                                    "count": 136855,
                                                    "is_parallel": true,
                                                    "self": 8.389781299904143,
                                                    "children": {
                                                        "UnityEnvironment._generate_step_input": {
                                                            "total": 17.080211600026818,
                                                            "count": 136855,
                                                            "is_parallel": true,
                                                            "self": 17.080211600026818
                                                        },