{
    "name": "root",
    "gauges": {
        "FishTrain_Survive.Policy.Entropy.mean": {
            "value": 1.4299479722976685,
            "min": 1.4203506708145142,
            "max": 1.4328655004501343,
            "count": 44
        },
        "FishTrain_Survive.Policy.ExtrinsicValueEstimate.mean": {
            "value": 9.206809997558594,
            "min": -1.101706862449646,
            "max": 9.463027000427246,
            "count": 44
        },
        "FishTrain_Survive.Policy.CuriosityValueEstimate.mean": {
            "value": 0.19346997141838074,
            "min": 0.05689316615462303,
            "max": 0.19346997141838074,
            "count": 44
        },
        "FishTrain_Survive.Environment.EpisodeLength.mean": {
            "value": 371.5925925925926,
            "min": 296.71875,
            "max": 458.6190476190476,
            "count": 44
        },
        "FishTrain_Survive.Environment.CumulativeReward.mean": {
            "value": -329.51851851851853,
            "min": -528.8235294117648,
            "max": -34.285714285714285,
            "count": 44
        },
        "FishTrain_Survive.Policy.ExtrinsicReward.mean": {
            "value": -329.51851851851853,
            "min": -528.8235294117648,
            "max": -34.285714285714285,
            "count": 44
        },
        "FishTrain_Survive.Policy.CuriosityReward.mean": {
            "value": 0.039457305429634826,
            "min": 0.0,
            "max": 0.4029181367950514,
            "count": 44
        },
        "FishTrain_Survive.IsTraining.mean": {
            "value": 1.0,
            "min": 1.0,
            "max": 1.0,
            "count": 44
        },
        "FishTrain_Survive.Losses.ValueLoss.mean": {
            "value": 6705.53955078125,
            "min": 3237.5712890625,
            "max": 11724.0126953125,
            "count": 43
        },
        "FishTrain_Survive.Losses.PolicyLoss.mean": {
            "value": 0.1422121226787567,
            "min": 0.09106849879026413,
            "max": 0.17133069038391113,
            "count": 43
        },
        "FishTrain_Survive.Policy.LearningRate.mean": {
            "value": 4.971696853317553e-06,
            "min": 4.971696853317553e-06,
            "max": 0.0002530445926822722,
            "count": 43
        },
        "FishTrain_Survive.Losses.CuriosityForwardLoss.mean": {
            "value": 0.006189850624650717,
            "min": 0.006189850624650717,
            "max": 0.06866685301065445,
            "count": 43
        },
        "FishTrain_Survive.Losses.CuriosityInverseLoss.mean": {
            "value": 0.22411976754665375,
            "min": 0.2202320694923401,
            "max": 0.23143965005874634,
            "count": 43
        }
    },
    "metadata": {
        "timer_format_version": "0.1.0",
        "start_time_seconds": "1621703901",
        "python_version": "3.8.5 (default, Jan 27 2021, 15:41:15) \n[GCC 9.3.0]",
        "command_line_arguments": "/home/marcelo/IST/AASMA/AASMA-Proj/venv/bin/mlagents-learn config/trainer_config.yaml --run-id=FishTrain --resume",
        "mlagents_version": "0.16.1",
        "mlagents_envs_version": "0.16.1",
        "communication_protocol_version": "1.0.0",
        "tensorflow_version": "2.5.0",
        "end_time_seconds": "1621709352"
    },
    "total": 5451.513818783999,
    "count": 1,
    "self": 0.01313479399868811,
    "children": {
        "run_training.setup": {
            "total": 0.006868344999929832,
            "count": 1,
            "self": 0.006868344999929832
        },
        "TrainerController.start_learning": {
            "total": 5451.493815645001,
            "count": 1,
            "self": 158.86560512088272,
            "children": {
                "TrainerController._reset_env": {
                    "total": 7.686147964000156,
                    "count": 1,
                    "self": 7.686147964000156
                },
                "TrainerController.advance": {
                    "total": 5281.540398111118,
                    "count": 432273,
                    "self": 6.899097941505715,
                    "children": {
                        "env_step": {
                            "total": 5274.641300169612,
                            "count": 432273,
                            "self": 4638.567968590983,
                            "children": {
                                "SubprocessEnvManager._take_step": {
                                    "total": 627.9544184495307,
                                    "count": 432273,
                                    "self": 20.199668492888122,
                                    "children": {
                                        "NNPolicy.evaluate": {
                                            "total": 607.7547499566426,
                                            "count": 431388,
                                            "self": 607.7547499566426
                                        }
                                    }
                                },
                                "workers": {
                                    "total": 8.118913129098473,
                                    "count": 432273,
                                    "self": 0.0,
                                    "children": {
                                        "worker_root": {
                                            "total": 5432.62709965959,
                                            "count": 432273,
                                            "is_parallel": true,
                                            "self": 1387.322052712595,
                                            "children": {
                                                "run_training.setup": {
                                                    "total": 0.0,
                                                    "count": 0,
                                                    "is_parallel": true,
                                                    "self": 0.0,
                                                    "children": {
                                                        "steps_from_proto": {
                                                            "total": 0.0005940269993516267,
                                                            "count": 1,
                                                            "is_parallel": true,
                                                            "self": 0.00016550299915252253,
                                                            "children": {
                                                                "_process_vector_observation": {
                                                                    "total": 0.0004285240001991042,
                                                                    "count": 2,
                                                                    "is_parallel": true,
                                                                    "self": 0.0004285240001991042
                                                                }
                                                            }
                                                        },
                                                        "UnityEnvironment.step": {
                                                            "total": 0.017951202999938687,
                                                            "count": 1,
                                                            "is_parallel": true,
                                                            "self": 0.00010122000003320863,
                                                            "children": {
                                                                "UnityEnvironment._generate_step_input": {
                                                                    "total": 0.00011569700018299045,