{
    "name": "root",
    "gauges": {
        "FishTrain2_Survive.Policy.Entropy.mean": {
            "value": 1.414888620376587,
            "min": 1.4141885042190552,
            "max": 1.420771837234497,
            "count": 251
        },
        "FishTrain2_Survive.Policy.ExtrinsicValueEstimate.mean": {
            "value": 0.2694256901741028,
            "min": -3.6871790885925293,
            "max": 2.4773521423339844,
            "count": 251
        },
        "FishTrain2_Survive.Policy.CuriosityValueEstimate.mean": {
            "value": -0.021799378097057343,
            "min": -0.06368392705917358,
            "max": 0.268313467502594,
            "count": 251
        },
        "FishTrain2_Survive.Environment.EpisodeLength.mean": {
            "value": 184.5,
            "min": 113.875,
            "max": 599.0,
            "count": 251
        },
        "FishTrain2_Survive.Environment.CumulativeReward.mean": {
            "value": -819.2,
            "min": -1082.8,
            "max": 599.0,
            "count": 251
        },
        "FishTrain2_Survive.Policy.ExtrinsicReward.mean": {
            "value": -819.2,
            "min": -1082.8,
            "max": 599.0,
            "count": 251
        },
        "FishTrain2_Survive.Policy.CuriosityReward.mean": {
            "value": 0.06713319844566286,
            "min": 0.0,
            "max": 2.249316856265068,
            "count": 251
        },
        "FishTrain2_Survive.IsTraining.mean": {
            "value": 1.0,
            "min": 1.0,
            "max": 1.0,
            "count": 251
        },
        "FishTrain2_Survive.Losses.ValueLoss.mean": {
            "value": 15643.205078125,
            "min": 6755.26708984375,
            "max": 15643.205078125,
            "count": 27
        },
        "FishTrain2_Survive.Losses.PolicyLoss.mean": {
            "value": 0.13619939982891083,
            "min": 0.0977468192577362,
            "max": 0.15189290046691895,
            "count": 27
        },
        "FishTrain2_Survive.Policy.LearningRate.mean": {
            "value": 0.00015044106112327427,
            "min": 0.00015044106112327427,
            "max": 0.0002944013976957649,
            "count": 27
        },
        "FishTrain2_Survive.Losses.CuriosityForwardLoss.mean": {
            "value": 0.007251078262925148,
            "min": 0.007251078262925148,
            "max": 1.7971206903457642,
            "count": 27
        },
        "FishTrain2_Survive.Losses.CuriosityInverseLoss.mean": {
            "value": 0.21684275567531586,
            "min": 0.21684275567531586,
            "max": 0.2264695167541504,
            "count": 27
        }
    },
    "metadata": {
        "timer_format_version": "0.1.0",
        "start_time_seconds": "1621874940",
        "python_version": "3.9.5 (tags/v3.9.5:0a7dcbd, May  3 2021, 17:27:52) [MSC v.1928 64 bit (AMD64)]",
        "command_line_arguments": "C:\\Unity Projects\\AASMA\\venv\\Scripts\\mlagents-learn config/trainer_config.yaml --run-id=FishTrain2 --force",
        "mlagents_version": "0.16.1",
        "mlagents_envs_version": "0.16.1",
        "communication_protocol_version": "1.0.0",
        "tensorflow_version": "2.5.0",
        "end_time_seconds": "1621877578"
    },
    "total": 2638.1978737,
    "count": 1,
    "self": 0.0006932000001143024,
    "children": {
        "run_training.setup": {
            "total": 0.02828810000000015,
            "count": 1,
            "self": 0.02828810000000015
        },
        "TrainerController.start_learning": {
            "total": 2638.1688924,
            "count": 1,
            "self": 84.30304890001707,
            "children": {
                "TrainerController._reset_env": {
                    "total": 6.2634655,
                    "count": 1,
                    "self": 6.2634655
                },
                "TrainerController.advance": {
                    "total": 2527.532709699983,
                    "count": 252401,
                    "self": 3.0789649999896938,
                    "children": {
                        "env_step": {
                            "total": 2524.4537446999934,
                            "count": 252401,
                            "self": 2275.7871048000156,
                            "children": {
                                "SubprocessEnvManager._take_step": {
                                    "total": 245.17337189996337,
                                    "count": 252401,
                                    "self": 8.46852559994042,
                                    "children": {
                                        "NNPolicy.evaluate": {
                                            "total": 236.70484630002295,
                                            "count": 251725,
                                            "self": 236.70484630002295
                                        }
                                    }
                                },
                                "workers": {
                                    "total": 3.4932680000142717,
                                    "count": 252400,
                                    "self": 0.0,
                                    "children": {
                                        "worker_root": {
                                            "total": 2619.362816199972,
                                            "count": 252400,
                                            "is_parallel": true,
                                            "self": 624.626515800039,
                                            "children": {
                                                "steps_from_proto": {
                                                    "total": 0.00019500000000061135,
                                                    "count": 1,
                                                    "is_parallel": true,
                                                    "self": 7.030000000174397e-05,
                                                    "children": {
                                                        "_process_vector_observation": {
                                                            "total": 0.00012469999999886738,
                                                            "count": 2,
                                                            "is_parallel": true,
                                                            "self": 0.00012469999999886738
                                                        }
                                                    }
                                                },
                                                "UnityEnvironment.step": {
                                                    "total": 1994.7361053999327,
                                                    "count": 252400,
                                                    "is_parallel": true,
                                                    "self": 16.959115900000825,
                                                    "children": {
                                                        "UnityEnvironment._generate_step_input": {
                                                            "total": 32.591539499993175,
                                                            "count": 252400,
                                                            "is_parallel": true,
                                                            "self": 32.591539499993175
                                                        },
                                                        "communicator.exchange": {
                                                            "total": 1901.237277199969,