{
    "name": "root",
    "gauges": {
        "Survive.Policy.Entropy.mean": {
            "value": 1.421543002128601,
            "min": 1.421543002128601,
            "max": 1.421543002128601,
            "count": 1
        },
        "Survive.Policy.Entropy.sum": {
            "value": 71141.1171875,
            "min": 71141.1171875,
            "max": 71141.1171875,
            "count": 1
        },
        "Survive.Step.mean": {
            "value": 49981.0,
            "min": 49981.0,
            "max": 49981.0,
            "count": 1
        },
        "Survive.Step.sum": {
            "value": 49981.0,
            "min": 49981.0,
            "max": 49981.0,
            "count": 1
        },
        "Survive.Policy.ExtrinsicValueEstimate.mean": {
            "value": -2.852781295776367,
            "min": -2.852781295776367,
            "max": -2.852781295776367,
            "count": 1
        },
        "Survive.Policy.ExtrinsicValueEstimate.sum": {
            "value": -2410.60009765625,
            "min": -2410.60009765625,
            "max": -2410.60009765625,
            "count": 1
        },
        "Survive.Environment.EpisodeLength.mean": {
            "value": 423.45299145299145,
            "min": 423.45299145299145,
            "max": 423.45299145299145,
            "count": 1
        },
        "Survive.Environment.EpisodeLength.sum": {
            "value": 49544.0,
            "min": 49544.0,
            "max": 49544.0,
            "count": 1
        },
        "Survive.Environment.CumulativeReward.mean": {
            "value": -97.91452991452991,
            "min": -97.91452991452991,
            "max": -97.91452991452991,
            "count": 1
        },
        "Survive.Environment.CumulativeReward.sum": {
            "value": -11456.0,
            "min": -11456.0,
            "max": -11456.0,
            "count": 1
        },
        "Survive.Policy.ExtrinsicReward.mean": {
            "value": -97.91452991452991,
            "min": -97.91452991452991,
            "max": -97.91452991452991,
            "count": 1
        },
        "Survive.Policy.ExtrinsicReward.sum": {
            "value": -11456.0,
            "min": -11456.0,
            "max": -11456.0,
            "count": 1
        },
        "Survive.Losses.PolicyLoss.mean": {
            "value": 0.025329389663723608,
            "min": 0.025329389663723608,
            "max": 0.025329389663723608,
            "count": 1
        },
        "Survive.Losses.PolicyLoss.sum": {
            "value": 0.10131755865489443,
            "min": 0.10131755865489443,
            "max": 0.10131755865489443,
            "count": 1
        },
        "Survive.Losses.ValueLoss.mean": {
            "value": 9748.90772705078,
            "min": 9748.90772705078,
            "max": 9748.90772705078,
            "count": 1
        },
        "Survive.Losses.ValueLoss.sum": {
            "value": 38995.63090820312,
            "min": 38995.63090820312,
            "max": 38995.63090820312,
            "count": 1
        },
        "Survive.Policy.LearningRate.mean": {
            "value": 0.000284613005129,
            "min": 0.000284613005129,
            "max": 0.000284613005129,
            "count": 1
        },
        "Survive.Policy.LearningRate.sum": {
            "value": 0.001138452020516,
            "min": 0.001138452020516,
            "max": 0.001138452020516,
            "count": 1
        },
        "Survive.Policy.Epsilon.mean": {
            "value": 0.19487100000000002,
            "min": 0.19487100000000002,
            "max": 0.19487100000000002,
            "count": 1
        },
        "Survive.Policy.Epsilon.sum": {
            "value": 0.7794840000000001,
            "min": 0.7794840000000001,
            "max": 0.7794840000000001,
            "count": 1
        },
        "Survive.Policy.Beta.mean": {
            "value": 0.0047440629,
            "min": 0.0047440629,
            "max": 0.0047440629,
            "count": 1
        },
        "Survive.Policy.Beta.sum": {
            "value": 0.0189762516,
            "min": 0.0189762516,
            "max": 0.0189762516,
            "count": 1
        },
        "Survive.IsTraining.mean": {
            "value": 1.0,
            "min": 1.0,
            "max": 1.0,
            "count": 1
        },
        "Survive.IsTraining.sum": {
            "value": 1.0,
            "min": 1.0,
            "max": 1.0,
            "count": 1
        }
    },
    "metadata": {
        "timer_format_version": "0.1.0",
        "start_time_seconds": "1621181846",
        "python_version": "3.9.5 (tags/v3.9.5:0a7dcbd, May  3 2021, 17:27:52) [MSC v.1928 64 bit (AMD64)]",
        "command_line_arguments": "C:\\Unity Projects\\AASMA\\venv\\Scripts\\mlagents-learn --force",
        "mlagents_version": "0.26.0",
        "mlagents_envs_version": "0.26.0",
        "communication_protocol_version": "1.5.0",
        "pytorch_version": "1.8.1+cpu",
        "numpy_version": "1.20.3",
        "end_time_seconds": "1621182447"
    },
    "total": 601.3784208999999,
    "count": 1,
    "self": 0.011229599999865059,
    "children": {
        "run_training.setup": {
            "total": 0.043216300000000096,
            "count": 1,
            "self": 0.043216300000000096
        },
        "TrainerController.start_learning": {
            "total": 601.323975,
            "count": 1,
            "self": 1.3535580999991907,
            "children": {
                "TrainerController._reset_env": {
                    "total": 3.0856234999999996,
                    "count": 1,
                    "self": 3.0856234999999996
                },
                "TrainerController.advance": {
                    "total": 596.7153895000009,
                    "count": 51231,
                    "self": 1.3236534000037636,
                    "children": {
                        "env_step": {
                            "total": 499.679079799999,
                            "count": 51231,
                            "self": 443.7886602999931,
                            "children": {
                                "SubprocessEnvManager._take_step": {
                                    "total": 55.00795420000207,
                                    "count": 51231,
                                    "self": 3.9299568999966823,
                                    "children": {
                                        "TorchPolicy.evaluate": {
                                            "total": 51.077997300005386,
                                            "count": 51141,
                                            "self": 10.580150600001637,
                                            "children": {
                                                "TorchPolicy.sample_actions": {
                                                    "total": 40.49784670000375,
                                                    "count": 51141,
                                                    "self": 40.49784670000375
                                                }
                                            }
                                        }
                                    }
                                },
                                "workers": {
                                    "total": 0.8824653000038225,
                                    "count": 51230,
                                    "self": 0.0,
                                    "children": {
                                        "worker_root": {
                                            "total": 595.9488535000028,
                                            "count": 51230,
                                            "is_parallel": true,